id,first_name,last_name,email,gender,ip_address
1,Mavra,Rock,mrock0@noaa.gov,Polygender,212.2.76.228
2,Finlay,Rembaud,frembaud1@ifeng.com,Genderqueer,113.38.115.68
3,Trudey,Goodlett,tgoodlett2@ifeng.com,Genderqueer,21.85.57.35
4,Ralf,Hearnden,rhearnden3@redcross.org,Polygender,213.180.174.126
5,Mikey,Lovstrom,mlovstrom4@pagesperso-orange.fr,Agender,78.72.205.50
6,Abbey,Plaid,aplaid5@nps.gov,Male,255.8.239.244
7,Renata,Lutton,rlutton6@phpbb.com,Female,153.58.185.56
8,Carlene,Lux,clux7@e-recht24.de,Genderfluid,33.121.78.210
9,Lenard,Britt,lbritt8@jiathis.com,Female,192.217.250.162
10,Sigismund,Iannelli,siannelli9@google.fr,Female,43.173.195.91
11,Tarra,Alkin,talkina@flickr.com,Bigender,131.137.48.65
12,Jessamine,Anstis,janstisb@bloglovin.com,Bigender,130.94.203.119
13,Tamma,Ortiga,tortigac@yale.edu,Bigender,115.121.117.9
14,Almeda,Tasseler,atasselerd@tripadvisor.com,Non-binary,12.152.11.236
15,Gertie,Coy,gcoye@g.co,Agender,235.29.169.183
16,Suzann,MacGuiness,smacguinessf@ifeng.com,Genderfluid,63.227.97.60
17,Baxy,MacAllester,bmacallesterg@spotify.com,Polygender,11.16.108.2
18,Meta,Sworn,mswornh@cbsnews.com,Male,110.39.6.202
19,Sindee,Gane,sganei@weather.com,Genderfluid,56.77.97.122
20,Orbadiah,McGeffen,omcgeffenj@dropbox.com,Bigender,216.250.222.208
21,Cheston,Paton,cpatonk@google.co.jp,Bigender,138.15.0.30
22,Robers,Yokel,ryokell@dion.ne.jp,Male,199.232.251.254
23,Amelita,Murley,amurleym@icio.us,Male,117.86.248.72
24,Shadow,Dominichelli,sdominichellin@acquirethisname.com,Genderqueer,40.79.167.250
25,Daphne,Doumerc,ddoumerco@dell.com,Genderqueer,38.202.39.103
26,Allys,Jager,ajagerp@hc360.com,Non-binary,91.240.101.145
27,Jacklyn,Haggata,jhaggataq@behance.net,Agender,222.60.1.231
28,Linda,Ordelt,lordeltr@yale.edu,Polygender,240.109.184.72
29,Cirillo,McKellar,cmckellars@admin.ch,Bigender,214.242.141.56
30,Dari,Sporle,dsporlet@webmd.com,Male,35.156.209.183
31,Nevile,Karchewski,nkarchewskiu@cyberchimps.com,Genderfluid,177.24.112.85
32,Ajay,Isitt,aisittv@51.la,Female,63.185.213.86
33,Winnie,Druhan,wdruhanw@instagram.com,Bigender,222.141.162.61
34,Adrien,Janku,ajankux@latimes.com,Male,112.78.217.171
35,Ravi,Beveredge,rbeveredgey@springer.com,Bigender,215.168.75.118
36,Tamara,Renfield,trenfieldz@alexa.com,Agender,3.28.92.69
37,Brittan,Wraight,bwraight10@dyndns.org,Non-binary,56.14.230.214
38,Chip,Inchboard,cinchboard11@answers.com,Male,165.24.221.230
39,Nessie,Sier,nsier12@topsy.com,Genderqueer,134.241.45.23
40,Alfreda,Fasset,afasset13@mlb.com,Non-binary,124.23.255.84
41,Russell,Strangwood,rstrangwood14@woothemes.com,Agender,240.126.99.34
42,Aaron,St. Ledger,astledger15@comsenz.com,Non-binary,92.155.248.20
43,Whitaker,Howels,whowels16@zimbio.com,Male,5.209.119.28
44,Zachariah,Whaplington,zwhaplington17@pagesperso-orange.fr,Male,111.214.217.204
45,Kingston,Matuszynski,kmatuszynski18@army.mil,Genderfluid,22.249.229.161
46,Annalise,Girt,agirt19@arstechnica.com,Genderfluid,145.67.12.223
47,Vivyanne,Kipping,vkipping1a@ovh.net,Male,166.84.151.139
48,Bartolemo,Gwilt,bgwilt1b@sitemeter.com,Male,67.95.142.11
49,Ag,Easterbrook,aeasterbrook1c@about.com,Agender,224.50.232.60
50,Oren,Faley,ofaley1d@biglobe.ne.jp,Female,76.205.235.207
51,Debera,Hirthe,dhirthe1e@360.cn,Bigender,218.27.210.180
52,Inge,Dundon,idundon1f@unicef.org,Male,127.253.110.196
53,Dorena,Mullarkey,dmullarkey1g@princeton.edu,Polygender,189.197.78.167
54,Brodie,Philipsen,bphilipsen1h@sogou.com,Polygender,240.4.254.7
55,Arel,Mussett,amussett1i@wufoo.com,Female,246.102.199.227
56,Nicko,Doxey,ndoxey1j@ocn.ne.jp,Polygender,138.212.8.80
57,Sandor,Jarrold,sjarrold1k@phoca.cz,Bigender,90.220.98.78
58,Lynnett,Jordison,ljordison1l@google.ru,Bigender,9.201.181.54
59,Garreth,Beamish,gbeamish1m@boston.com,Agender,98.108.71.246
60,Ollie,Franzelini,ofranzelini1n@twitpic.com,Polygender,161.59.136.110
61,Bowie,Brumby,bbrumby1o@marriott.com,Female,105.85.1.204
62,Blanch,Cousans,bcousans1p@baidu.com,Non-binary,16.21.19.253
63,Rozanne,Wishkar,rwishkar1q@sciencedaily.com,Polygender,200.31.140.225
64,Nathalie,Beadle,nbeadle1r@sbwire.com,Agender,85.251.91.27
65,Melicent,Crocket,mcrocket1s@is.gd,Bigender,43.177.213.62
66,Duff,McNeigh,dmcneigh1t@bluehost.com,Genderfluid,87.62.27.201
67,Dani,Pickance,dpickance1u@gnu.org,Genderfluid,80.218.208.98
68,Banky,Dietsche,bdietsche1v@wordpress.org,Polygender,44.34.110.238
69,Herminia,Reedman,hreedman1w@webeden.co.uk,Bigender,176.133.187.207
70,Guillema,Dannohl,gdannohl1x@sourceforge.net,Agender,172.136.62.245
71,Ginnifer,Ivanenkov,givanenkov1y@dion.ne.jp,Agender,24.191.32.54
72,Bevin,Conneau,bconneau1z@ameblo.jp,Genderfluid,171.26.82.134
73,Bess,Losbie,blosbie20@twitpic.com,Genderqueer,62.184.70.187
74,Becca,Slowly,bslowly21@yolasite.com,Bigender,44.54.177.91
75,Eziechiele,Pendleton,ependleton22@si.edu,Male,38.15.64.102
76,Murray,Lodford,mlodford23@twitpic.com,Female,26.232.60.104
77,Bethany,Golsthorp,bgolsthorp24@about.me,Female,10.10.73.54
78,Deloris,Meron,dmeron25@wiley.com,Non-binary,157.76.32.27
79,Tabby,Riceards,triceards26@un.org,Polygender,67.211.191.89
80,Patrice,Bill,pbill27@phoca.cz,Polygender,91.193.211.254
81,Ave,Rait,arait28@nbcnews.com,Male,197.65.60.42
82,Abra,Bickerdyke,abickerdyke29@oracle.com,Agender,245.97.228.179
83,Ira,Brafferton,ibrafferton2a@trellian.com,Agender,120.160.128.31
84,Kerrill,Bearcock,kbearcock2b@geocities.jp,Genderfluid,166.80.88.160
85,Melvyn,Chantillon,mchantillon2c@wisc.edu,Bigender,100.226.245.91
86,Yolane,Dikes,ydikes2d@furl.net,Agender,159.179.179.69
87,Brandise,Hammon,bhammon2e@japanpost.jp,Non-binary,238.188.131.69
88,Ramsey,Bembridge,rbembridge2f@eventbrite.com,Female,131.221.138.237
89,Benedetto,Pydcock,bpydcock2g@un.org,Polygender,24.230.98.47
90,Stesha,Braxay,sbraxay2h@sakura.ne.jp,Non-binary,70.142.101.174
91,Jozef,Troubridge,jtroubridge2i@ted.com,Male,65.208.214.133
92,Antonius,Puddle,apuddle2j@joomla.org,Male,165.233.162.182
93,Willard,Eirwin,weirwin2k@clickbank.net,Genderqueer,137.36.187.105
94,Tamra,Jenman,tjenman2l@mysql.com,Male,152.110.189.233
95,Vickie,Avon,vavon2m@flavors.me,Bigender,101.41.161.49
96,Benjy,Cunniffe,bcunniffe2n@rediff.com,Polygender,4.3.41.159
97,Nicole,Grimsdith,ngrimsdith2o@fc2.com,Male,206.139.12.36
98,Lesly,Cordeau],lcordeau2p@desdev.cn,Genderqueer,191.127.125.146
99,Sonnie,De Brett,sdebrett2q@taobao.com,Polygender,128.204.174.135
100,Caterina,Candy,ccandy2r@w3.org,Genderqueer,103.137.207.177
101,Katharina,Hannah,khannah2s@sitemeter.com,Male,151.255.118.93
102,Lanae,Fowgies,lfowgies2t@moonfruit.com,Genderfluid,180.169.66.137
103,Hastings,Boundley,hboundley2u@issuu.com,Non-binary,6.210.3.25
104,Rosalinde,Mattiessen,rmattiessen2v@shareasale.com,Bigender,155.187.213.193
105,Rickard,Crowhurst,rcrowhurst2w@xrea.com,Genderqueer,50.53.177.102
106,Appolonia,Loraine,aloraine2x@xinhuanet.com,Female,144.101.65.9
107,Claudell,Forlong,cforlong2y@nih.gov,Genderfluid,6.232.195.101
108,Lizzie,Gardiner,lgardiner2z@issuu.com,Female,227.252.2.137
109,Natalina,Pinkstone,npinkstone30@army.mil,Non-binary,196.237.30.93
110,Donnie,Ibarra,dibarra31@newyorker.com,Bigender,99.218.252.179
111,Lela,Izchaki,lizchaki32@ifeng.com,Non-binary,35.253.117.34
112,Saree,Litzmann,slitzmann33@whitehouse.gov,Agender,252.6.203.237
113,Hank,Le Sieur,hlesieur34@mapquest.com,Polygender,231.80.71.64
114,Alane,Tumelty,atumelty35@va.gov,Genderfluid,56.100.41.32
115,Nonah,Bickmore,nbickmore36@sun.com,Male,4.149.19.254
116,Patsy,MacNeilley,pmacneilley37@google.cn,Genderqueer,197.47.221.82
117,Lolita,Furneaux,lfurneaux38@liveinternet.ru,Bigender,63.131.5.251
118,Addia,Sporgeon,asporgeon39@jimdo.com,Bigender,230.161.153.59
119,Isidore,Dufaur,idufaur3a@engadget.com,Bigender,4.9.180.11
120,Cortie,Moorcroft,cmoorcroft3b@hhs.gov,Male,144.138.87.123
121,Charisse,Barhams,cbarhams3c@theatlantic.com,Male,189.64.87.61
122,Murielle,Hammatt,mhammatt3d@patch.com,Non-binary,7.37.124.141
123,Daveen,McTague,dmctague3e@squarespace.com,Non-binary,105.109.104.0
124,Anderea,Bockh,abockh3f@themeforest.net,Polygender,102.172.137.48
125,Jamil,O'Corrin,jocorrin3g@icio.us,Male,250.4.129.207
126,Cherice,Conring,cconring3h@nydailynews.com,Genderfluid,14.127.55.100
127,Rhona,Arnson,rarnson3i@youku.com,Genderqueer,165.192.230.124
128,Arleta,Bousfield,abousfield3j@eepurl.com,Agender,146.177.14.243
129,Adolph,Nehlsen,anehlsen3k@1688.com,Genderqueer,202.167.131.75
130,Vaughn,Sizland,vsizland3l@jalbum.net,Bigender,219.200.79.117
131,Jo-ann,Helstrip,jhelstrip3m@wordpress.com,Male,224.250.41.50
132,Salli,Bartzen,sbartzen3n@godaddy.com,Bigender,90.118.19.79
133,Moises,Malley,mmalley3o@paypal.com,Genderfluid,71.201.249.157
134,Milton,Gurg,mgurg3p@shop-pro.jp,Genderqueer,206.137.225.197
135,Micki,Jeff,mjeff3q@blogtalkradio.com,Agender,126.94.153.222
136,Bibbie,Dandie,bdandie3r@slate.com,Genderfluid,136.120.151.116
137,Cullin,Shatford,cshatford3s@pen.io,Female,106.140.70.225
138,Cassi,Kenlin,ckenlin3t@nhs.uk,Polygender,247.98.134.149
139,Robinet,Bailie,rbailie3u@phpbb.com,Bigender,152.227.232.123
140,Shayla,Atger,satger3v@ifeng.com,Polygender,170.161.172.235
141,Clemmie,Harper,charper3w@aol.com,Genderqueer,184.120.132.204
142,Isac,Burthom,iburthom3x@auda.org.au,Non-binary,115.130.182.140
143,Artair,Westcar,awestcar3y@free.fr,Bigender,8.240.109.136
144,Hazel,Enric,henric3z@friendfeed.com,Genderfluid,10.254.119.85
145,Stephanus,Trevena,strevena40@fc2.com,Female,162.68.162.146
146,Gwennie,MacGovern,gmacgovern41@canalblog.com,Male,143.26.123.31
147,Gisella,Gierth,ggierth42@intel.com,Male,236.197.224.131
148,Kerry,Knightly,kknightly43@businesswire.com,Male,1.99.1.116
149,Archie,Byrd,abyrd44@blogspot.com,Polygender,85.162.209.149
150,Kevan,Callar,kcallar45@squidoo.com,Genderqueer,189.114.5.165
151,Kristofer,Hardy,khardy46@constantcontact.com,Genderfluid,74.80.109.131
152,Lauryn,Godart,lgodart47@japanpost.jp,Female,177.247.75.232
153,Jillana,Hallt,jhallt48@macromedia.com,Male,127.226.69.88
154,Neile,Klaves,nklaves49@nps.gov,Polygender,209.18.84.145
155,Nady,Priddis,npriddis4a@sciencedaily.com,Agender,221.140.191.233
156,Alissa,Hens,ahens4b@amazon.co.uk,Genderqueer,70.0.3.120
157,Raff,Crayke,rcrayke4c@marriott.com,Female,158.44.141.143
158,Ariel,Weeks,aweeks4d@msu.edu,Genderfluid,191.53.161.139
159,Quintina,Kensitt,qkensitt4e@slate.com,Genderfluid,94.67.32.208
160,Lotte,Offell,loffell4f@nymag.com,Genderfluid,9.76.150.8
161,Amery,Chadwick,achadwick4g@state.gov,Polygender,165.15.177.6
162,Vito,Cresswell,vcresswell4h@slideshare.net,Genderqueer,82.213.239.67
163,Kile,Mulroy,kmulroy4i@mashable.com,Non-binary,204.196.137.174
164,Les,Mundall,lmundall4j@trellian.com,Female,235.114.192.62
165,Matthaeus,Robertot,mrobertot4k@ycombinator.com,Genderfluid,135.110.185.96
166,Oby,Byass,obyass4l@4shared.com,Genderfluid,26.150.177.161
167,Vin,Harvett,vharvett4m@ning.com,Non-binary,197.86.130.9
168,Emanuele,Schulze,eschulze4n@lycos.com,Agender,237.113.28.160
169,Wendall,Pfaff,wpfaff4o@theglobeandmail.com,Non-binary,191.114.31.202
170,Rosemarie,Grzes,rgrzes4p@dyndns.org,Genderqueer,36.0.57.255
171,Tiler,Farrey,tfarrey4q@si.edu,Agender,13.113.37.194
172,Benedicto,Millmore,bmillmore4r@trellian.com,Non-binary,78.64.154.196
173,Averyl,Dadds,adadds4s@flickr.com,Agender,237.65.162.230
174,Morgun,Crew,mcrew4t@tmall.com,Bigender,94.235.147.187
175,Alonso,Ashwell,aashwell4u@photobucket.com,Agender,124.110.23.228
176,Margaretha,Brazener,mbrazener4v@wired.com,Agender,126.120.228.160
177,Rowena,Dexter,rdexter4w@toplist.cz,Male,237.244.246.2
178,Meghann,Barnwille,mbarnwille4x@mysql.com,Polygender,85.157.63.71
179,Casandra,Goodship,cgoodship4y@princeton.edu,Bigender,220.87.231.14
180,Cindi,Feyer,cfeyer4z@fastcompany.com,Genderfluid,81.98.114.255
181,Magdaia,Pimblotte,mpimblotte50@psu.edu,Bigender,101.151.108.123
182,Chiquita,Tomaini,ctomaini51@privacy.gov.au,Polygender,208.66.200.93
183,Clarence,Popham,cpopham52@creativecommons.org,Female,68.20.127.144
184,Danella,Vasovic,dvasovic53@google.fr,Genderfluid,219.168.75.72
185,Nestor,Pitfield,npitfield54@soundcloud.com,Female,100.135.40.96
186,Mirabel,Portt,mportt55@theatlantic.com,Genderqueer,61.38.116.134
187,Manfred,McNickle,mmcnickle56@upenn.edu,Bigender,155.114.247.155
188,Atlante,Groves,agroves57@bigcartel.com,Male,205.8.164.166
189,Hynda,O'dell,hodell58@macromedia.com,Non-binary,101.232.206.157
190,Stefanie,Rollason,srollason59@mtv.com,Agender,218.127.239.5
191,Doralynn,Meco,dmeco5a@reverbnation.com,Genderqueer,172.17.59.115
192,Jennilee,Grayston,jgrayston5b@tumblr.com,Bigender,84.83.206.164
193,Elli,Colvill,ecolvill5c@tuttocitta.it,Genderqueer,106.248.102.127
194,Alvie,Bolitho,abolitho5d@army.mil,Non-binary,37.209.235.90
195,Marj,Astin,mastin5e@google.co.jp,Non-binary,4.178.207.223
196,Harald,Fazan,hfazan5f@cmu.edu,Polygender,120.9.114.221
197,Dillon,Riccioppo,driccioppo5g@jigsy.com,Non-binary,144.243.181.95
198,Eduardo,Tomkies,etomkies5h@opensource.org,Genderqueer,191.162.190.211
199,Ethelyn,Thwaite,ethwaite5i@globo.com,Non-binary,125.30.156.188
200,Jillie,Tomanek,jtomanek5j@facebook.com,Polygender,204.214.165.134
201,Rozina,Causley,rcausley5k@livejournal.com,Genderqueer,85.249.244.177
202,Aube,Carle,acarle5l@i2i.jp,Bigender,158.177.212.121
203,Margit,Conaboy,mconaboy5m@cmu.edu,Male,83.158.87.104
204,Freedman,Beatey,fbeatey5n@ftc.gov,Agender,2.206.230.27
205,Alyson,Everitt,aeveritt5o@berkeley.edu,Genderqueer,128.200.81.22
206,Bernadene,Ingerith,bingerith5p@google.com,Female,150.69.122.61
207,Bibbye,O'Toole,botoole5q@go.com,Genderqueer,69.164.139.81
208,Ody,Spinige,ospinige5r@google.de,Female,235.73.22.99
209,Baudoin,Bachmann,bbachmann5s@google.co.jp,Genderqueer,87.76.105.24
210,Dukie,Hundy,dhundy5t@sun.com,Non-binary,202.101.134.251
211,Adrian,Kitchingman,akitchingman5u@shop-pro.jp,Non-binary,121.149.123.194
212,Shanan,Cluckie,scluckie5v@github.io,Bigender,170.181.124.50
213,Sunshine,Fairey,sfairey5w@hhs.gov,Genderfluid,122.46.175.49
214,Maurine,Dungate,mdungate5x@bloomberg.com,Non-binary,206.222.81.221
215,Mickey,Helliwell,mhelliwell5y@ihg.com,Non-binary,185.22.207.79
216,Rita,Emmines,remmines5z@telegraph.co.uk,Agender,149.150.100.37
217,Blondell,Witchard,bwitchard60@github.com,Genderqueer,11.85.249.27
218,Iggie,Copson,icopson61@slideshare.net,Bigender,1.26.121.208
219,Richmound,McVeigh,rmcveigh62@hc360.com,Genderfluid,197.63.161.99
220,Nell,Vallis,nvallis63@mapquest.com,Bigender,167.222.249.221
221,Byrle,Docharty,bdocharty64@sourceforge.net,Non-binary,245.180.147.235
222,Una,Garlic,ugarlic65@un.org,Female,208.130.65.59
223,Udale,Simmins,usimmins66@mayoclinic.com,Genderqueer,204.214.19.132
224,Michell,Priscott,mpriscott67@msu.edu,Non-binary,189.44.41.121
225,Hartwell,Fawloe,hfawloe68@lulu.com,Polygender,175.13.84.178
226,Ailee,Flecknell,aflecknell69@columbia.edu,Female,61.154.131.224
227,Quentin,Tame,qtame6a@youku.com,Female,177.85.134.250
228,Whit,Foulis,wfoulis6b@state.gov,Male,40.155.121.116
229,Sampson,Gomme,sgomme6c@usgs.gov,Genderfluid,46.220.246.136
230,Stephi,Baseggio,sbaseggio6d@last.fm,Male,189.53.59.18
231,Brandais,Baudy,bbaudy6e@thetimes.co.uk,Non-binary,137.158.16.151
232,Marysa,Tremellier,mtremellier6f@constantcontact.com,Polygender,190.236.76.41
233,Bianca,Lasseter,blasseter6g@1und1.de,Agender,66.29.12.248
234,Shane,Fleming,sfleming6h@harvard.edu,Non-binary,75.179.180.52
235,Drucie,Swenson,dswenson6i@dropbox.com,Non-binary,151.207.181.173
236,Graeme,Punter,gpunter6j@irs.gov,Genderfluid,224.197.125.144
237,Berk,Belsham,bbelsham6k@bloglovin.com,Genderfluid,160.237.210.206
238,Allyn,Disney,adisney6l@facebook.com,Non-binary,88.58.32.189
239,Omar,Chomicki,ochomicki6m@dot.gov,Bigender,235.68.208.239
240,Neill,Crystal,ncrystal6n@mac.com,Bigender,33.101.122.212
241,Matthieu,Boram,mboram6o@unc.edu,Male,88.131.208.218
242,Lesley,Brecken,lbrecken6p@jigsy.com,Polygender,29.27.199.2
243,Jorgan,Pavlitschek,jpavlitschek6q@tinypic.com,Female,233.32.59.229
244,Nancy,Wymer,nwymer6r@domainmarket.com,Genderfluid,139.126.229.35
245,Silvia,Reith,sreith6s@clickbank.net,Genderqueer,170.205.196.192
246,Vivie,Bummfrey,vbummfrey6t@reuters.com,Male,51.73.107.14
247,James,Alessandrini,jalessandrini6u@hp.com,Agender,67.108.9.107
248,Chad,Gilchriest,cgilchriest6v@scribd.com,Agender,20.93.68.236
249,Tamera,Yurygyn,tyurygyn6w@hexun.com,Polygender,125.48.140.178
250,Caterina,Kroll,ckroll6x@mozilla.com,Polygender,97.74.23.39
251,Betteanne,Leverentz,bleverentz6y@nytimes.com,Bigender,90.107.81.99
252,Jerry,Presman,jpresman6z@gov.uk,Genderfluid,119.155.220.160
253,Creighton,Kiddye,ckiddye70@networksolutions.com,Genderqueer,136.158.94.122
254,Cathe,Ledwidge,cledwidge71@slate.com,Genderqueer,253.135.98.126
255,Frances,Gauson,fgauson72@free.fr,Female,169.247.171.10
256,Chelsie,Rizzetti,crizzetti73@slashdot.org,Polygender,34.10.73.35
257,Dilly,Chastel,dchastel74@umich.edu,Agender,0.54.245.104
258,Florencia,Purcer,fpurcer75@purevolume.com,Non-binary,248.99.99.88
259,Peta,Blackborn,pblackborn76@theatlantic.com,Polygender,251.115.54.138
260,Natale,Britton,nbritton77@squidoo.com,Bigender,147.202.74.73
261,Myles,Thom,mthom78@biglobe.ne.jp,Genderqueer,90.255.33.17
262,Brittan,Wormleighton,bwormleighton79@census.gov,Female,227.72.118.57
263,Annalise,Spillett,aspillett7a@harvard.edu,Non-binary,0.24.145.176
264,Hildy,Borrill,hborrill7b@state.tx.us,Male,137.170.16.61
265,Becky,Gaw,bgaw7c@dell.com,Genderqueer,119.64.219.94
266,Caria,Dumper,cdumper7d@fastcompany.com,Non-binary,187.116.127.132
267,Amy,Leward,aleward7e@jalbum.net,Polygender,132.120.171.97
268,Phil,Lardez,plardez7f@arstechnica.com,Polygender,150.234.167.27
269,Milka,Semeniuk,msemeniuk7g@flavors.me,Agender,244.104.185.80
270,Deborah,Coundley,dcoundley7h@hostgator.com,Female,85.230.132.173
271,Jacquetta,Hailston,jhailston7i@pcworld.com,Bigender,105.107.13.146
272,Roxane,Vassay,rvassay7j@dailymail.co.uk,Polygender,111.119.36.151
273,Brandy,Blakeslee,bblakeslee7k@facebook.com,Bigender,145.157.226.54
274,Minny,Ambler,mambler7l@taobao.com,Genderfluid,198.228.235.53
275,Lena,Dunton,ldunton7m@mediafire.com,Polygender,74.228.253.30
276,Seline,Fishby,sfishby7n@oaic.gov.au,Genderqueer,88.118.182.96
277,Cariotta,Tallowin,ctallowin7o@nps.gov,Female,215.55.142.168
278,Giovanni,Wragg,gwragg7p@berkeley.edu,Female,199.142.61.110
279,Joye,Brownsall,jbrownsall7q@qq.com,Genderfluid,214.42.211.155
280,Harlen,Wilcott,hwilcott7r@vk.com,Non-binary,242.230.58.186
281,Dalenna,Dearan,ddearan7s@barnesandnoble.com,Bigender,23.4.126.140
282,Ernesto,Chattington,echattington7t@hostgator.com,Polygender,212.104.226.141
283,Lorette,Sinnie,lsinnie7u@nature.com,Genderfluid,30.51.47.221
284,Burt,Ceschini,bceschini7v@dailymotion.com,Male,194.91.142.84
285,Bonni,Dmytryk,bdmytryk7w@sogou.com,Polygender,153.78.248.179
286,Livia,De Zuani,ldezuani7x@xing.com,Bigender,200.182.254.174
287,Marlon,Girvin,mgirvin7y@smugmug.com,Non-binary,115.84.30.111
288,Charlie,Ryde,cryde7z@weebly.com,Genderqueer,91.244.160.174
289,Chere,Harsum,charsum80@addtoany.com,Non-binary,211.247.144.171
290,Meaghan,Sicely,msicely81@columbia.edu,Agender,78.99.66.161
291,Malinda,Ferryn,mferryn82@yandex.ru,Female,79.14.8.198
292,Jabez,Tonks,jtonks83@com.com,Genderqueer,177.205.216.26
293,Collin,Snowding,csnowding84@sciencedirect.com,Genderqueer,209.96.8.130
294,Griffy,Heifer,gheifer85@archive.org,Genderfluid,59.232.209.64
295,Killie,Scrowson,kscrowson86@bluehost.com,Bigender,72.46.203.133
296,Maurizio,Forryan,mforryan87@gizmodo.com,Genderfluid,116.238.34.63
297,Elmira,Farnworth,efarnworth88@sourceforge.net,Bigender,121.107.179.75
298,Garwin,Crebo,gcrebo89@gov.uk,Genderfluid,131.109.240.217
299,Enriqueta,Gibbens,egibbens8a@springer.com,Male,115.211.83.25
300,Vachel,Ruggieri,vruggieri8b@symantec.com,Female,165.29.76.119
301,Linea,Tournay,ltournay8c@ihg.com,Genderqueer,189.98.214.245
302,Joella,Goard,jgoard8d@hud.gov,Non-binary,149.110.89.89
303,Lurleen,Swain,lswain8e@cisco.com,Bigender,4.134.142.64
304,Obed,Beare,obeare8f@usa.gov,Bigender,3.172.219.116
305,King,Licciardiello,klicciardiello8g@sphinn.com,Non-binary,41.94.2.60
306,Winn,Davidovicz,wdavidovicz8h@mapy.cz,Male,17.102.194.25
307,Shelba,Tumber,stumber8i@phpbb.com,Agender,6.43.236.214
308,Leonerd,Titterrell,ltitterrell8j@prweb.com,Genderfluid,144.112.168.147
309,Creight,Cruickshanks,ccruickshanks8k@unicef.org,Genderfluid,109.167.90.124
310,Joannes,Kamien,jkamien8l@tinypic.com,Non-binary,12.172.34.41
311,Nefen,Claypoole,nclaypoole8m@w3.org,Bigender,133.15.182.100
312,Bibby,Junkison,bjunkison8n@odnoklassniki.ru,Bigender,214.145.244.21
313,Dionne,Cartin,dcartin8o@last.fm,Agender,164.150.77.242
314,Isadore,Pretor,ipretor8p@webs.com,Bigender,153.104.198.174
315,Annmarie,Kimbury,akimbury8q@vinaora.com,Polygender,101.122.112.114
316,Carlotta,Cropper,ccropper8r@sphinn.com,Genderfluid,96.61.55.98
317,Grant,Ager,gager8s@symantec.com,Polygender,93.34.44.228
318,Maynord,Stocks,mstocks8t@msn.com,Genderqueer,187.68.27.61
319,Daffi,Quinion,dquinion8u@sun.com,Non-binary,42.201.163.152
320,Dorine,Matzel,dmatzel8v@t-online.de,Male,166.98.90.21
321,Dorelia,Rizzillo,drizzillo8w@netlog.com,Genderfluid,83.166.8.164
322,Nanni,Acklands,nacklands8x@privacy.gov.au,Male,198.75.230.22
323,Adrienne,Lavis,alavis8y@fastcompany.com,Polygender,14.168.97.158
324,Augustine,Dincey,adincey8z@npr.org,Genderfluid,113.224.224.208
325,Basia,Handes,bhandes90@1und1.de,Genderqueer,237.74.92.54
326,Benny,Pennycock,bpennycock91@harvard.edu,Non-binary,218.209.147.247
327,Lamond,Pawellek,lpawellek92@tinyurl.com,Genderfluid,72.143.211.209
328,Winthrop,Britt,wbritt93@w3.org,Polygender,209.97.80.180
329,Andriana,Pridding,apridding94@wordpress.org,Polygender,6.70.27.242
330,Diarmid,Addenbrooke,daddenbrooke95@sina.com.cn,Non-binary,254.126.44.106
331,Crin,Brissenden,cbrissenden96@g.co,Male,150.63.48.211
332,Ralf,Betteson,rbetteson97@baidu.com,Agender,106.197.232.218
333,Emery,Jephson,ejephson98@nifty.com,Agender,24.96.140.243
334,Joel,Ruspine,jruspine99@constantcontact.com,Genderqueer,144.115.207.58
335,Ardene,Kull,akull9a@accuweather.com,Non-binary,138.1.253.23
336,Nerta,Lilywhite,nlilywhite9b@nasa.gov,Male,102.53.174.123
337,Biddie,Huyton,bhuyton9c@seesaa.net,Polygender,90.123.85.32
338,Caty,Bingley,cbingley9d@facebook.com,Bigender,255.52.41.123
339,Marsha,Smalls,msmalls9e@wiley.com,Bigender,50.224.113.208
340,Vivianna,Paszek,vpaszek9f@google.nl,Bigender,111.162.83.237
341,Tallulah,Seleway,tseleway9g@mozilla.org,Male,210.28.192.24
342,Malena,Sigsworth,msigsworth9h@ehow.com,Male,145.136.166.155
343,Fifi,Inkster,finkster9i@ed.gov,Polygender,38.50.246.3
344,Corrie,Carillo,ccarillo9j@jugem.jp,Genderqueer,116.253.176.145
345,Cherianne,Curgenven,ccurgenven9k@nyu.edu,Agender,193.209.110.253
346,Benton,Saladin,bsaladin9l@ebay.co.uk,Genderfluid,39.114.185.162
347,Damian,Shaw,dshaw9m@dell.com,Polygender,77.35.222.167
348,Larina,Alvares,lalvares9n@nydailynews.com,Female,160.131.42.165
349,Mariette,Bartunek,mbartunek9o@mapquest.com,Male,185.73.166.56
350,Alisha,Cranmor,acranmor9p@aboutads.info,Polygender,129.37.97.230
351,Ibbie,Berr,iberr9q@addthis.com,Bigender,105.98.194.2
352,Ignaz,Cockayne,icockayne9r@upenn.edu,Bigender,125.190.112.155
353,Archie,Siggers,asiggers9s@bing.com,Genderqueer,0.43.238.165
354,Tarrance,Denyagin,tdenyagin9t@mozilla.com,Genderfluid,85.233.206.216
355,Ernesta,Rimmer,erimmer9u@bravesites.com,Agender,128.108.116.237
356,Katinka,Yorkston,kyorkston9v@uol.com.br,Genderqueer,113.232.230.101
357,Grissel,Radbourne,gradbourne9w@arstechnica.com,Polygender,11.46.118.116
358,Roshelle,Cottie,rcottie9x@cloudflare.com,Polygender,148.79.111.225
359,Brooks,Aasaf,baasaf9y@usgs.gov,Genderqueer,169.73.141.162
360,Alameda,Martlew,amartlew9z@soundcloud.com,Bigender,136.130.87.98
361,Thomasina,Gowrie,tgowriea0@biblegateway.com,Polygender,233.148.71.79
362,Kahlil,Braden,kbradena1@seattletimes.com,Genderfluid,206.189.151.209
363,Alonzo,Brocks,abrocksa2@unicef.org,Non-binary,95.144.207.249
364,Tammy,Mandy,tmandya3@zimbio.com,Bigender,15.227.170.225
365,Arielle,Mattke,amattkea4@xinhuanet.com,Bigender,95.199.113.107
366,Cassey,Pidon,cpidona5@arstechnica.com,Genderqueer,107.95.112.217
367,Cassaundra,Black,cblacka6@ucla.edu,Female,64.115.151.219
368,Katharine,Battams,kbattamsa7@networksolutions.com,Female,117.51.216.148
369,Thacher,Sennett,tsennetta8@furl.net,Female,94.66.78.170
370,Noel,Yukhnov,nyukhnova9@com.com,Male,194.26.23.105
371,Yulma,Farrin,yfarrinaa@slideshare.net,Bigender,200.187.80.61
372,Fanni,Spinnace,fspinnaceab@1688.com,Agender,244.233.164.25
373,Rani,Zuanelli,rzuanelliac@sogou.com,Bigender,96.126.128.220
374,Lezley,Tierny,ltiernyad@devhub.com,Genderqueer,159.229.249.185
375,Kally,Murford,kmurfordae@netvibes.com,Female,242.116.38.64
376,Emalia,Hauck,ehauckaf@blogspot.com,Bigender,67.170.227.118
377,Meir,Castane,mcastaneag@example.com,Non-binary,84.102.155.203
378,Vernen,Wilkie,vwilkieah@lulu.com,Genderqueer,81.78.220.47
379,Bobby,Challener,bchallenerai@flickr.com,Non-binary,186.9.224.252
380,Kiel,Fellowes,kfellowesaj@ibm.com,Non-binary,253.27.207.237
381,Ezra,Stickney,estickneyak@tinypic.com,Non-binary,139.70.205.55
382,Winny,Bickley,wbickleyal@so-net.ne.jp,Genderqueer,136.247.254.181
383,Rivkah,Gummow,rgummowam@columbia.edu,Male,250.93.105.19
384,Ronny,Becke,rbeckean@facebook.com,Bigender,23.181.255.156
385,Tess,Simko,tsimkoao@issuu.com,Non-binary,205.101.40.178
386,Julie,Gawith,jgawithap@51.la,Agender,95.193.155.109
387,Suzy,Readshaw,sreadshawaq@reuters.com,Genderfluid,150.122.116.101
388,Meghan,McNab,mmcnabar@jugem.jp,Agender,106.226.144.143
389,Mariska,Ineson,minesonas@vk.com,Bigender,154.27.78.59
390,Garey,Fishly,gfishlyat@fc2.com,Female,135.196.148.193
391,Albert,Vickars,avickarsau@domainmarket.com,Genderqueer,138.88.100.95
392,Gisella,Lean,gleanav@vk.com,Genderqueer,108.183.216.93
393,Sophey,Gibbett,sgibbettaw@lulu.com,Genderfluid,113.75.195.181
394,Hube,Gorey,hgoreyax@theatlantic.com,Non-binary,22.77.234.39
395,Lorna,Mazzei,lmazzeiay@cisco.com,Polygender,77.11.187.64
396,Linnell,Copnar,lcopnaraz@bbc.co.uk,Polygender,187.220.55.83
397,Bernita,McSpirron,bmcspirronb0@storify.com,Female,175.191.151.197
398,Anthony,Maytom,amaytomb1@merriam-webster.com,Genderfluid,120.110.210.65
399,Nari,Jakucewicz,njakucewiczb2@sfgate.com,Bigender,76.225.63.17
400,Stacee,Andrea,sandreab3@google.de,Polygender,190.172.94.147
401,Tonia,Volk,tvolkb4@google.nl,Non-binary,31.34.136.186
402,Jeannette,Bellwood,jbellwoodb5@devhub.com,Genderfluid,46.221.27.132
403,Maryjo,Seavers,mseaversb6@photobucket.com,Genderfluid,151.103.130.59
404,Ichabod,Dunphie,idunphieb7@123-reg.co.uk,Polygender,182.250.175.164
405,Mario,Winborn,mwinbornb8@free.fr,Bigender,150.207.64.19
406,Sunshine,Izkovitz,sizkovitzb9@gnu.org,Bigender,96.89.112.81
407,Max,Mouser,mmouserba@e-recht24.de,Non-binary,34.144.17.223
408,Kirsten,Dmytryk,kdmytrykbb@jugem.jp,Polygender,225.178.32.17
409,Sigfried,Haukey,shaukeybc@dagondesign.com,Female,142.87.8.4
410,Crysta,Liffey,cliffeybd@mayoclinic.com,Genderfluid,112.117.20.141
411,Loy,O'Hanlon,lohanlonbe@soup.io,Genderqueer,29.186.233.181
412,Hebert,Carnall,hcarnallbf@accuweather.com,Female,122.76.148.96
413,Elvyn,Pillinger,epillingerbg@wikipedia.org,Genderqueer,74.19.76.110
414,Killie,Jiricka,kjirickabh@newsvine.com,Female,97.168.224.29
415,Klaus,Huey,khueybi@hc360.com,Female,33.180.88.159
416,Glenna,Harroll,gharrollbj@smh.com.au,Genderfluid,171.202.77.146
417,Torre,Lindman,tlindmanbk@discuz.net,Genderfluid,113.90.130.106
418,Harlen,Tilbury,htilburybl@barnesandnoble.com,Genderfluid,222.235.103.119
419,Granny,Papworth,gpapworthbm@wunderground.com,Bigender,116.132.92.227
420,Francesco,Furmagier,ffurmagierbn@biblegateway.com,Genderqueer,248.147.24.191
421,Teresina,Daelman,tdaelmanbo@walmart.com,Female,13.181.118.137
422,Sharyl,Pain,spainbp@dedecms.com,Genderfluid,221.119.247.107
423,Faina,Brodeur,fbrodeurbq@deviantart.com,Bigender,153.201.38.55
424,Ramon,Sapsforde,rsapsfordebr@taobao.com,Genderfluid,122.254.70.204
425,Ugo,Kale,ukalebs@delicious.com,Non-binary,60.2.156.198
426,Lurline,Doerr,ldoerrbt@chronoengine.com,Agender,6.213.140.249
427,Mariam,Padrick,mpadrickbu@google.nl,Non-binary,150.216.71.156
428,Terrye,Rymell,trymellbv@unc.edu,Non-binary,136.14.118.195
429,Gilligan,Bryning,gbryningbw@apache.org,Genderqueer,86.76.9.191
430,Wynn,Connett,wconnettbx@hao123.com,Bigender,151.184.193.182
431,Ulla,Jacmar,ujacmarby@google.co.uk,Bigender,147.247.49.254
432,Christie,Willcock,cwillcockbz@google.de,Male,83.50.46.155
433,Renato,Jales,rjalesc0@chronoengine.com,Genderfluid,24.214.83.71
434,Morty,Rabbitt,mrabbittc1@ning.com,Bigender,253.68.200.207
435,Trenton,McGookin,tmcgookinc2@360.cn,Female,198.240.110.81
436,Alanna,Sieur,asieurc3@imdb.com,Polygender,119.216.189.64
437,Geoff,Arnholdt,garnholdtc4@jigsy.com,Bigender,238.203.183.59
438,Herman,Clifton,hcliftonc5@cdbaby.com,Polygender,44.229.151.14
439,Stanton,Gowthrop,sgowthropc6@theatlantic.com,Genderfluid,3.187.175.85
440,Conrade,Di Angelo,cdiangeloc7@spotify.com,Male,57.205.9.160
441,Durand,Montfort,dmontfortc8@linkedin.com,Agender,172.234.124.18
442,Gayla,Wanstall,gwanstallc9@google.co.uk,Genderfluid,172.7.55.143
443,Edvard,Matchett,ematchettca@java.com,Non-binary,224.142.237.235
444,Cherilynn,Andreazzi,candreazzicb@diigo.com,Bigender,117.160.240.248
445,Evaleen,Sheavills,esheavillscc@tumblr.com,Polygender,166.241.227.223
446,Will,Boas,wboascd@joomla.org,Agender,155.77.81.2
447,Flossie,Barnardo,fbarnardoce@github.io,Female,123.153.139.18
448,Araldo,Glitherow,aglitherowcf@topsy.com,Genderqueer,107.175.225.9
449,Rab,Oxenham,roxenhamcg@economist.com,Non-binary,11.159.26.98
450,Annmarie,Loraine,alorainech@wiley.com,Bigender,14.251.221.86
451,Lazarus,Murgatroyd,lmurgatroydci@census.gov,Genderqueer,229.128.159.242
452,Ali,Rorke,arorkecj@sourceforge.net,Agender,127.175.194.57
453,Herb,Semken,hsemkenck@washington.edu,Agender,193.44.190.45
454,Elinor,Giffon,egiffoncl@usnews.com,Male,84.237.61.75
455,Deidre,Eckhard,deckhardcm@github.com,Genderqueer,78.57.145.216
456,Baxy,Buffy,bbuffycn@disqus.com,Genderfluid,155.157.75.182
457,Ally,Van den Velden,avandenveldenco@chicagotribune.com,Non-binary,9.254.131.186
458,Elita,Hein,eheincp@networkadvertising.org,Non-binary,66.206.81.16
459,Dyan,Truse,dtrusecq@noaa.gov,Genderqueer,16.132.222.132
460,Wally,Southernwood,wsouthernwoodcr@nydailynews.com,Male,253.41.7.201
461,Fitzgerald,Hedgeman,fhedgemancs@bigcartel.com,Agender,116.48.71.183
462,Elonore,Garriock,egarriockct@yellowbook.com,Genderfluid,224.19.123.205
463,Robenia,Corck,rcorckcu@quantcast.com,Genderfluid,191.182.240.239
464,Gerladina,Ochterlonie,gochterloniecv@51.la,Non-binary,44.73.76.157
465,Odille,Behninck,obehninckcw@rakuten.co.jp,Bigender,181.43.67.112
466,Hedwig,Elland,hellandcx@berkeley.edu,Non-binary,201.224.49.113
467,Jeromy,Trouel,jtrouelcy@cbslocal.com,Genderfluid,194.77.118.231
468,Levin,Bransby,lbransbycz@goo.ne.jp,Male,223.138.11.177
469,Coriss,D'Aubney,cdaubneyd0@yelp.com,Genderqueer,8.78.126.93
470,Merola,Raiston,mraistond1@webmd.com,Non-binary,183.14.134.9
471,Ynez,Fylan,yfyland2@soup.io,Agender,53.95.198.144
472,Clotilda,Ciraldo,cciraldod3@parallels.com,Male,54.1.7.8
473,Eba,Adhams,eadhamsd4@discuz.net,Genderfluid,243.233.59.160
474,Shermie,Brokenshaw,sbrokenshawd5@geocities.jp,Genderqueer,216.127.87.214
475,Karrah,Gebhardt,kgebhardtd6@elegantthemes.com,Agender,199.188.145.115
476,Heloise,Conklin,hconklind7@naver.com,Bigender,213.20.228.113
477,Vivianna,Ravenhills,vravenhillsd8@51.la,Agender,197.251.35.108
478,Carmina,Pauletti,cpaulettid9@usgs.gov,Non-binary,21.201.11.192
479,Catherine,Crowch,ccrowchda@cocolog-nifty.com,Genderqueer,162.207.70.206
480,Nanni,Watts,nwattsdb@nymag.com,Polygender,224.84.163.109
481,Alastair,Colwell,acolwelldc@intel.com,Female,169.8.226.55
482,Dal,Astle,dastledd@studiopress.com,Genderqueer,40.201.143.51
483,Julianne,Wingate,jwingatede@multiply.com,Bigender,204.252.252.253
484,Tobin,Battey,tbatteydf@diigo.com,Male,133.44.78.176
485,Viki,Haughey,vhaugheydg@e-recht24.de,Genderfluid,125.99.170.78
486,Lindie,Lashbrook,llashbrookdh@themeforest.net,Bigender,227.168.9.202
487,Raf,Eastes,reastesdi@princeton.edu,Non-binary,96.218.76.196
488,Avigdor,Portt,aporttdj@google.com.au,Agender,143.225.82.13
489,Jarrod,Emanuel,jemanueldk@ebay.com,Polygender,207.53.209.26
490,Osborne,Ostick,oostickdl@ovh.net,Polygender,30.154.167.237
491,Jessey,Sidworth,jsidworthdm@jimdo.com,Agender,112.93.248.51
492,Kristofor,Daniello,kdaniellodn@mysql.com,Genderfluid,177.194.212.200
493,Tobias,Jedraszek,tjedraszekdo@last.fm,Male,175.247.33.244
494,Fredrick,Dysert,fdysertdp@yellowpages.com,Genderfluid,214.38.62.146
495,Genevieve,Bromet,gbrometdq@last.fm,Female,144.198.105.78
496,Ariela,Tossell,atosselldr@geocities.jp,Female,191.26.43.220
497,Merry,Davys,mdavysds@cpanel.net,Genderfluid,14.239.243.224
498,Rayner,Ducket,rducketdt@rakuten.co.jp,Genderqueer,187.163.242.118
499,Laurens,Fullagar,lfullagardu@sourceforge.net,Agender,150.165.177.74
500,Brockie,Meyrick,bmeyrickdv@e-recht24.de,Bigender,164.70.241.183
501,Arleyne,Melhuish,amelhuishdw@hc360.com,Non-binary,60.176.53.87
502,Dallis,Prynne,dprynnedx@amazonaws.com,Agender,31.94.56.84
503,Tami,Evins,tevinsdy@salon.com,Male,43.84.91.108
504,Peggy,Favela,pfaveladz@altervista.org,Agender,236.1.61.43
505,Octavia,Blakelock,oblakelocke0@angelfire.com,Non-binary,62.91.202.221
506,Virginia,Anglish,vanglishe1@reuters.com,Genderqueer,169.134.110.163
507,Brier,Simmons,bsimmonse2@oakley.com,Bigender,63.174.149.115
508,Gallagher,Martinuzzi,gmartinuzzie3@prweb.com,Genderqueer,32.21.25.114
509,Olimpia,Hinkes,ohinkese4@cyberchimps.com,Polygender,26.249.186.222
510,Polly,Picot,ppicote5@nih.gov,Bigender,221.25.164.60
511,Zenia,Jerred,zjerrede6@vkontakte.ru,Non-binary,166.208.150.122
512,Robena,Bealing,rbealinge7@istockphoto.com,Female,139.36.12.243
513,Otto,Sheldrake,osheldrakee8@opera.com,Female,155.99.35.163
514,Vivyanne,Hedling,vhedlinge9@wiley.com,Non-binary,185.185.181.79
515,Clarance,Moyer,cmoyerea@etsy.com,Agender,170.170.112.1
516,Clayborne,Edgerly,cedgerlyeb@stumbleupon.com,Agender,71.224.242.185
517,Skelly,Yakovich,syakovichec@usda.gov,Genderfluid,226.58.194.101
518,Barde,Keslake,bkeslakeed@icq.com,Female,123.184.142.27
519,Diane-marie,Walkling,dwalklingee@disqus.com,Agender,61.143.235.185
520,Marco,Candelin,mcandelinef@amazon.de,Polygender,192.40.95.255
521,Fraser,Monks,fmonkseg@forbes.com,Non-binary,157.169.215.47
522,Elden,Stoffer,estoffereh@over-blog.com,Polygender,75.243.138.60
523,Granger,McCafferky,gmccafferkyei@youtu.be,Bigender,195.155.54.187
524,Hyacinthie,Olenin,holeninej@last.fm,Bigender,219.206.197.2
525,Arlen,Buttwell,abuttwellek@ow.ly,Polygender,214.153.45.53
526,La verne,Parchment,lparchmentel@timesonline.co.uk,Non-binary,147.224.211.91
527,Marion,Cotterel,mcotterelem@soup.io,Non-binary,251.252.75.235
528,Corbin,De Minico,cdeminicoen@networksolutions.com,Genderqueer,28.209.55.18
529,Moe,Vequaud,mvequaudeo@comsenz.com,Agender,141.152.96.41
530,Nancee,Minchinton,nminchintonep@forbes.com,Bigender,11.150.210.101
531,Lawton,Reichert,lreicherteq@stanford.edu,Genderqueer,44.113.255.244
532,Meg,Sibbe,msibbeer@deliciousdays.com,Bigender,210.93.2.183
533,Patten,Witcher,pwitcheres@biglobe.ne.jp,Genderqueer,59.130.140.152
534,Marmaduke,Sandland,msandlandet@google.com.br,Agender,78.31.156.8
535,Danica,Steptoe,dsteptoeeu@nasa.gov,Genderfluid,124.120.116.168
536,Willette,Verrico,wverricoev@t-online.de,Female,30.253.247.16
537,Aura,Kryszka,akryszkaew@skype.com,Genderfluid,38.127.33.49
538,Grantley,Bartolacci,gbartolacciex@blinklist.com,Genderqueer,99.61.163.148
539,Jaime,Truett,jtruettey@nature.com,Non-binary,178.120.169.49
540,Therine,Kensall,tkensallez@ow.ly,Bigender,11.170.88.67
541,Terrijo,Kolakowski,tkolakowskif0@fda.gov,Genderfluid,201.158.25.68
542,Cyndy,Fessier,cfessierf1@mapquest.com,Male,9.48.3.180
543,Zara,Faint,zfaintf2@example.com,Polygender,237.123.98.250
544,Giusto,Crowdson,gcrowdsonf3@yahoo.co.jp,Non-binary,226.78.239.130
545,Hillyer,Deeks,hdeeksf4@ycombinator.com,Male,51.42.132.124
546,Hally,Alchin,halchinf5@elpais.com,Female,88.168.30.216
547,Helene,Kohn,hkohnf6@marketwatch.com,Genderfluid,186.78.220.86
548,Esdras,Ousby,eousbyf7@infoseek.co.jp,Genderqueer,141.111.193.161
549,Mattias,Mallett,mmallettf8@gizmodo.com,Female,65.156.17.90
550,Virginia,Petchey,vpetcheyf9@utexas.edu,Female,147.192.166.29
551,Tina,Kingaby,tkingabyfa@washington.edu,Non-binary,54.165.37.145
552,Hamlin,Ferfulle,hferfullefb@is.gd,Female,126.107.62.228
553,Bucky,Norree,bnorreefc@howstuffworks.com,Male,185.96.133.194
554,Allyce,Bullough,abulloughfd@webeden.co.uk,Agender,234.144.71.199
555,Deva,Bustin,dbustinfe@house.gov,Agender,250.28.176.151
556,Ryon,Panchen,rpanchenff@apple.com,Polygender,2.56.81.22
557,Dorri,Veryan,dveryanfg@europa.eu,Agender,125.20.159.34
558,Michaelina,Gilbert,mgilbertfh@wikimedia.org,Male,206.226.79.191
559,Clerc,Yellowlea,cyellowleafi@booking.com,Male,154.148.161.228
560,Cordula,Callard,ccallardfj@pagesperso-orange.fr,Female,254.179.77.15
561,Hartley,Clementet,hclementetfk@geocities.jp,Agender,219.219.169.20
562,Neill,Giuroni,ngiuronifl@dion.ne.jp,Genderqueer,15.169.197.88
563,Erv,Quarmby,equarmbyfm@craigslist.org,Bigender,171.229.101.163
564,Hillary,Paudin,hpaudinfn@godaddy.com,Female,224.102.209.177
565,Titos,Conen,tconenfo@weibo.com,Male,153.105.6.3
566,Anallise,Rottenbury,arottenburyfp@vinaora.com,Female,25.164.49.80
567,Julienne,Winfrey,jwinfreyfq@reverbnation.com,Non-binary,66.82.43.228
568,Cleo,Caustick,ccaustickfr@drupal.org,Non-binary,73.87.79.8
569,Franny,Tallent,ftallentfs@bravesites.com,Bigender,111.232.252.88
570,Zachariah,Course,zcourseft@hao123.com,Bigender,71.162.103.170
571,Netty,Pursehouse,npursehousefu@si.edu,Non-binary,218.238.206.237
572,Garrot,Paton,gpatonfv@webeden.co.uk,Polygender,218.89.154.228
573,Wilbur,Nudds,wnuddsfw@geocities.com,Genderqueer,35.81.73.213
574,Freedman,Abercrombie,fabercrombiefx@nifty.com,Agender,180.244.18.130
575,Bobbi,Hawkswood,bhawkswoodfy@indiegogo.com,Genderqueer,11.123.196.141
576,Les,Szymanski,lszymanskifz@pagesperso-orange.fr,Genderqueer,12.39.40.111
577,Jaquenette,Zaczek,jzaczekg0@ustream.tv,Genderfluid,154.218.92.231
578,Sandra,de Cullip,sdecullipg1@admin.ch,Non-binary,130.7.255.117
579,Marlin,Flores,mfloresg2@hp.com,Agender,71.220.227.219
580,Meryl,Tyer,mtyerg3@chronoengine.com,Genderfluid,44.125.201.52
581,Barbey,Kinahan,bkinahang4@wix.com,Male,246.127.87.29
582,Zacherie,Maidlow,zmaidlowg5@xing.com,Agender,79.191.225.140
583,Elie,Budden,ebuddeng6@washingtonpost.com,Agender,31.89.48.49
584,Creight,Wybrew,cwybrewg7@spiegel.de,Genderfluid,24.140.5.38
585,Alessandro,Kolak,akolakg8@de.vu,Female,79.188.131.161
586,Ruby,Persey,rperseyg9@elpais.com,Male,255.18.198.44
587,Doria,Wimes,dwimesga@mapy.cz,Non-binary,236.150.49.67
588,Callie,Meadway,cmeadwaygb@wix.com,Female,76.12.245.60
589,Rakel,McCarl,rmccarlgc@ycombinator.com,Bigender,219.124.184.226
590,Herculie,Goode,hgoodegd@infoseek.co.jp,Male,79.44.180.67
591,Nettie,Hourston,nhourstonge@163.com,Male,69.143.171.195
592,Aliza,Caldwell,acaldwellgf@php.net,Genderfluid,70.149.118.39
593,Tamma,Edgworth,tedgworthgg@slideshare.net,Female,250.3.140.3
594,Maren,Winear,mwineargh@opera.com,Female,65.17.244.149
595,Georg,Spohr,gspohrgi@hp.com,Non-binary,194.191.192.128
596,Rosanne,MacElane,rmacelanegj@friendfeed.com,Female,230.7.6.224
597,Shirlene,Benfield,sbenfieldgk@businessweek.com,Female,216.211.59.85
598,Glynda,Wroe,gwroegl@uiuc.edu,Female,236.234.157.100
599,Theodore,Sobieski,tsobieskigm@aboutads.info,Genderfluid,54.216.184.222
600,Rose,Turneux,rturneuxgn@usnews.com,Genderqueer,20.14.53.4
601,Francis,Oughtright,foughtrightgo@guardian.co.uk,Agender,10.226.50.158
602,Taddeusz,Tetley,ttetleygp@w3.org,Non-binary,224.217.50.190
603,Thom,Exley,texleygq@businessweek.com,Female,84.255.190.185
604,Harriott,Stowers,hstowersgr@hatena.ne.jp,Polygender,203.252.31.122
605,Craggie,Leyland,cleylandgs@webs.com,Genderqueer,232.58.68.12
606,Edithe,Deniset,edenisetgt@elegantthemes.com,Genderqueer,79.235.12.244
607,Tami,Weth,twethgu@nasa.gov,Female,107.90.92.241
608,Cy,Lethbrig,clethbriggv@trellian.com,Male,2.196.237.192
609,Kelila,Etchingham,ketchinghamgw@pcworld.com,Genderfluid,158.108.165.66
610,Jerrylee,Jellico,jjellicogx@upenn.edu,Polygender,164.133.157.193
611,Domingo,Krolak,dkrolakgy@boston.com,Female,221.84.177.76
612,Neale,Maiklem,nmaiklemgz@microsoft.com,Male,0.151.23.60
613,Bibbye,Dobrovolny,bdobrovolnyh0@163.com,Agender,169.159.109.211
614,Maryjane,Dicks,mdicksh1@pen.io,Agender,151.52.8.202
615,Augie,Everest,aeveresth2@bigcartel.com,Genderfluid,23.195.197.255
616,Ula,Spancock,uspancockh3@msn.com,Genderfluid,136.255.12.105
617,Damaris,Zahor,dzahorh4@mysql.com,Polygender,151.3.92.179
618,Jessa,Beetham,jbeethamh5@home.pl,Non-binary,164.184.33.60
619,Kimberlee,Hayley,khayleyh6@storify.com,Non-binary,88.53.188.145
620,Jo-anne,Jupp,jjupph7@hugedomains.com,Genderqueer,151.90.154.82
621,Pearline,Burridge,pburridgeh8@globo.com,Female,208.86.76.78
622,Eolanda,Oxbrough,eoxbroughh9@delicious.com,Female,29.111.138.194
623,Barthel,Smethurst,bsmethurstha@histats.com,Non-binary,177.97.181.23
624,Kikelia,Potbury,kpotburyhb@vinaora.com,Genderfluid,71.24.216.56
625,Sutherland,Godfree,sgodfreehc@amazon.co.jp,Agender,27.91.160.44
626,Gail,Brearton,gbreartonhd@go.com,Polygender,74.197.17.233
627,Catherin,Iacovone,ciacovonehe@weibo.com,Agender,219.87.66.222
628,Florence,Andreopolos,fandreopoloshf@symantec.com,Non-binary,176.43.60.52
629,Dex,Setterington,dsetteringtonhg@guardian.co.uk,Female,5.63.51.77
630,Piggy,Swayland,pswaylandhh@google.com.hk,Male,23.137.3.201
631,Milton,Vogele,mvogelehi@lulu.com,Non-binary,214.251.175.141
632,Llewellyn,Bedome,lbedomehj@tumblr.com,Female,151.147.250.36
633,Ignace,Sambiedge,isambiedgehk@gnu.org,Male,147.46.15.135
634,Kaila,Maunton,kmauntonhl@over-blog.com,Non-binary,186.172.192.195
635,Clem,Lydiard,clydiardhm@nytimes.com,Polygender,156.246.158.91
636,Filip,Conrad,fconradhn@home.pl,Genderqueer,157.177.246.36
637,Abbie,McIlwaine,amcilwaineho@scribd.com,Male,144.62.119.17
638,Ursulina,Bolden,uboldenhp@hp.com,Non-binary,227.73.61.5
639,Prissie,Piggott,ppiggotthq@miibeian.gov.cn,Bigender,247.178.191.140
640,Marchall,McAvaddy,mmcavaddyhr@reuters.com,Agender,224.51.29.110
641,Benedick,Oels,boelshs@dagondesign.com,Male,100.1.3.143
642,Moreen,Le Sieur,mlesieurht@zdnet.com,Genderqueer,113.252.171.163
643,Cecile,Pechacek,cpechacekhu@twitter.com,Agender,30.10.146.148
644,Piper,Cod,pcodhv@surveymonkey.com,Agender,75.176.147.83
645,Brandy,Cootes,bcooteshw@shop-pro.jp,Genderfluid,142.149.233.176
646,Daune,Pinchen,dpinchenhx@mapquest.com,Non-binary,190.156.76.151
647,Petey,Girtin,pgirtinhy@list-manage.com,Bigender,202.21.198.102
648,Marlene,Maestrini,mmaestrinihz@shinystat.com,Bigender,133.32.37.93
649,Olivia,Klulik,okluliki0@omniture.com,Polygender,186.120.40.178
650,Wendie,Penhaligon,wpenhaligoni1@jugem.jp,Female,65.68.204.189
651,Beret,Page,bpagei2@blog.com,Non-binary,209.114.104.75
652,Marlo,Heustice,mheusticei3@wp.com,Bigender,33.107.26.25
653,Lia,Mogie,lmogiei4@ycombinator.com,Non-binary,64.146.35.61
654,Pattie,Luc,pluci5@hibu.com,Male,182.41.157.164
655,Kaine,Gheorghescu,kgheorghescui6@deviantart.com,Agender,89.26.192.7
656,Turner,Wardhough,twardhoughi7@blog.com,Female,254.148.105.226
657,Charlena,Tellwright,ctellwrighti8@comcast.net,Male,192.36.3.53
658,Theo,Cohrs,tcohrsi9@businessweek.com,Bigender,238.150.192.251
659,Bev,Le Blond,bleblondia@simplemachines.org,Polygender,216.54.59.131
660,Gaby,Bonallick,gbonallickib@vk.com,Genderqueer,184.206.164.131
661,Bonita,Juris,bjurisic@dot.gov,Non-binary,89.24.8.137
662,Sumner,Bentham3,sbenthamid@psu.edu,Bigender,80.133.230.45
663,Guillemette,Vanner,gvannerie@wisc.edu,Non-binary,196.60.38.212
664,Lyn,Rotte,lrotteif@cnn.com,Non-binary,96.109.162.83
665,Brina,Claisse,bclaisseig@t.co,Non-binary,145.159.123.195
666,Maddie,Barnham,mbarnhamih@seesaa.net,Non-binary,208.120.77.197
667,Kettie,Wardlow,kwardlowii@reverbnation.com,Polygender,38.242.44.217
668,Welbie,Hubbock,whubbockij@yahoo.com,Male,146.224.134.135
669,Dulcia,Yurinov,dyurinovik@state.gov,Genderqueer,189.9.37.187
670,Lyn,Storrar,lstorraril@youku.com,Female,41.157.199.107
671,Ingemar,Molineaux,imolineauxim@wp.com,Male,161.226.4.105
672,Tabor,Weins,tweinsin@qq.com,Bigender,102.178.52.245
673,Eleonore,Trelease,etreleaseio@slideshare.net,Male,209.150.217.160
674,Tisha,Caslett,tcaslettip@sina.com.cn,Male,171.70.99.47
675,Lewes,Andersen,landerseniq@facebook.com,Genderqueer,195.27.197.31
676,Mady,Woodbridge,mwoodbridgeir@clickbank.net,Non-binary,161.215.218.163
677,Carolyn,Blasing,cblasingis@cbslocal.com,Genderfluid,188.231.74.109
678,Sallyann,Raleston,sralestonit@upenn.edu,Non-binary,32.55.79.209
679,Lynne,Platts,lplattsiu@etsy.com,Genderqueer,7.191.19.143
680,Orly,Cholwell,ocholwelliv@w3.org,Bigender,224.44.3.126
681,Jane,Toogood,jtoogoodiw@nature.com,Agender,66.195.219.158
682,Dorena,Giannoni,dgiannoniix@merriam-webster.com,Male,27.160.221.217
683,Myranda,Edelheit,medelheitiy@bloglines.com,Genderfluid,231.247.243.201
684,Luigi,Alliott,lalliottiz@rediff.com,Bigender,62.229.17.97
685,Corine,Scorton,cscortonj0@elegantthemes.com,Non-binary,233.41.238.246
686,Adler,Coiley,acoileyj1@oakley.com,Female,108.90.59.45
687,Quincy,Rayment,qraymentj2@privacy.gov.au,Agender,219.114.214.59
688,Merridie,Arro,marroj3@nytimes.com,Genderqueer,65.144.200.212
689,Layne,Povele,lpovelej4@cdc.gov,Male,232.245.21.229
690,Tanitansy,Blasing,tblasingj5@reference.com,Polygender,2.99.206.82
691,Waly,Ravenshear,wravenshearj6@zdnet.com,Non-binary,89.204.32.177
692,Papageno,Burlingame,pburlingamej7@goo.ne.jp,Agender,115.152.51.85
693,Gerik,Aizic,gaizicj8@google.com.au,Male,172.52.153.255
694,Osbert,Finn,ofinnj9@miitbeian.gov.cn,Non-binary,29.131.211.140
695,Philis,Simmens,psimmensja@ucoz.com,Genderfluid,47.174.174.218
696,Gustav,Maude,gmaudejb@uol.com.br,Genderfluid,185.113.217.198
697,Tonia,Crat,tcratjc@businessinsider.com,Non-binary,246.7.32.220
698,Roxana,Boards,rboardsjd@google.fr,Bigender,214.42.218.31
699,Tobin,Mauro,tmauroje@telegraph.co.uk,Female,81.97.101.121
700,Barri,Crinage,bcrinagejf@dropbox.com,Genderfluid,186.122.31.57
701,Duff,Yashanov,dyashanovjg@msu.edu,Bigender,105.140.249.40
702,Maryann,Blasoni,mblasonijh@soup.io,Agender,197.7.251.133
703,Brigham,Postians,bpostiansji@netscape.com,Female,104.1.234.214
704,Misti,Buer,mbuerjj@miitbeian.gov.cn,Genderfluid,30.81.29.99
705,Caresa,Helks,chelksjk@aboutads.info,Non-binary,19.238.27.121
706,Westley,Iannini,wianninijl@admin.ch,Agender,205.164.11.115
707,Vitia,Gabler,vgablerjm@globo.com,Genderfluid,145.175.241.167
708,Fifine,Goathrop,fgoathropjn@newsvine.com,Genderqueer,90.26.213.188
709,Mateo,Hissie,mhissiejo@businessweek.com,Agender,136.71.149.158
710,Alexandro,Gerrelt,agerreltjp@imageshack.us,Polygender,72.13.247.219
711,Che,Heardman,cheardmanjq@meetup.com,Agender,180.170.209.67
712,Edeline,Skates,eskatesjr@addthis.com,Female,203.59.147.205
713,Annabell,Mogra,amograjs@alibaba.com,Bigender,192.158.159.124
714,Branden,Moorey,bmooreyjt@rediff.com,Male,44.176.73.253
715,Sallyanne,De Dei,sdedeiju@imdb.com,Agender,41.208.69.164
716,Heloise,Barefoot,hbarefootjv@last.fm,Bigender,235.12.238.223
717,Shurlock,Conen,sconenjw@epa.gov,Agender,253.113.133.74
718,Amelita,Pikett,apikettjx@irs.gov,Non-binary,144.135.150.62
719,Consolata,Baglow,cbaglowjy@marketwatch.com,Non-binary,62.245.232.231
720,Betsy,Sansum,bsansumjz@free.fr,Agender,142.83.226.135
721,Lacey,Hansill,lhansillk0@dagondesign.com,Bigender,17.212.152.33
722,Catlin,Birtwell,cbirtwellk1@jiathis.com,Agender,217.213.131.17
723,Harriet,Nucator,hnucatork2@slashdot.org,Male,112.245.32.121
724,Lek,Duiguid,lduiguidk3@globo.com,Polygender,155.178.17.127
725,Franny,Jonathon,fjonathonk4@theguardian.com,Agender,125.93.250.255
726,Cassandre,Elcom,celcomk5@theatlantic.com,Genderqueer,87.60.4.226
727,Erica,Brosenius,ebroseniusk6@fda.gov,Bigender,134.152.87.228
728,Prudence,Enoch,penochk7@ameblo.jp,Non-binary,236.70.75.62
729,Libbey,Dunridge,ldunridgek8@multiply.com,Female,88.141.181.77
730,Stormy,Rizzone,srizzonek9@pinterest.com,Genderfluid,17.175.215.110
731,Tatiania,Meachan,tmeachanka@devhub.com,Male,239.7.76.120
732,Brianna,Stead,bsteadkb@soundcloud.com,Polygender,94.211.30.196
733,Ferd,Robelet,frobeletkc@delicious.com,Bigender,4.29.17.223
734,Laurens,McDiarmid,lmcdiarmidkd@redcross.org,Bigender,51.201.14.184
735,Sukey,Mahoney,smahoneyke@cam.ac.uk,Male,42.200.185.216
736,Ardyce,Giorgi,agiorgikf@craigslist.org,Bigender,87.166.135.78
737,Neddie,Gladdifh,ngladdifhkg@amazonaws.com,Non-binary,142.243.32.215
738,Merrily,McElmurray,mmcelmurraykh@vistaprint.com,Polygender,114.100.179.91
739,Toddy,Boyall,tboyallki@house.gov,Bigender,79.231.211.30
740,Leontine,Copins,lcopinskj@npr.org,Genderfluid,213.0.17.85
741,Elsey,Corn,ecornkk@ameblo.jp,Genderqueer,99.253.94.51
742,Albertina,Cowwell,acowwellkl@samsung.com,Non-binary,62.219.152.95
743,Eydie,Peltz,epeltzkm@constantcontact.com,Non-binary,40.225.242.162
744,Gilli,Wickham,gwickhamkn@independent.co.uk,Male,13.102.218.13
745,Antonie,Harvard,aharvardko@jiathis.com,Bigender,62.15.6.99
746,Emlen,Filpo,efilpokp@go.com,Polygender,43.193.129.224
747,Mitchell,Grundon,mgrundonkq@patch.com,Female,162.164.50.200
748,Hugues,Ribbon,hribbonkr@infoseek.co.jp,Polygender,54.106.24.83
749,Edie,O'Devey,eodeveyks@1688.com,Agender,60.154.206.254
750,Eva,Perren,eperrenkt@prnewswire.com,Non-binary,71.78.164.148
751,Tabbie,Murkus,tmurkusku@imgur.com,Non-binary,90.170.247.130
752,Claudio,Spencock,cspencockkv@oakley.com,Male,51.27.174.186
753,Orelee,Townsend,otownsendkw@chicagotribune.com,Bigender,51.46.212.154
754,Giovanna,Kornilyev,gkornilyevkx@wisc.edu,Female,209.130.6.135
755,Emery,Kaspar,ekasparky@purevolume.com,Male,92.77.239.38
756,Dilly,Dongall,ddongallkz@google.com.au,Bigender,198.58.20.111
757,Torie,Wilgar,twilgarl0@jigsy.com,Genderfluid,34.252.173.218
758,Raeann,Jeffray,rjeffrayl1@tmall.com,Male,238.230.3.138
759,Hedy,Forsyth,hforsythl2@prnewswire.com,Polygender,165.74.57.207
760,Freemon,Orritt,forrittl3@nymag.com,Genderqueer,4.62.65.9
761,Albie,MacShirie,amacshiriel4@purevolume.com,Agender,220.102.128.88
762,Ivy,Darmody,idarmodyl5@skype.com,Polygender,32.20.28.255
763,Clement,Benedettini,cbenedettinil6@imdb.com,Genderfluid,16.153.88.159
764,Skip,Skitch,sskitchl7@example.com,Bigender,11.6.16.239
765,Gertrude,Govett,ggovettl8@hexun.com,Agender,106.99.30.51
766,Grady,Noto,gnotol9@ucsd.edu,Bigender,122.36.6.209
767,Stace,Crottagh,scrottaghla@sfgate.com,Male,33.126.63.222
768,Fayette,Simonds,fsimondslb@com.com,Female,210.72.73.47
769,Gustie,Burtenshaw,gburtenshawlc@tinypic.com,Non-binary,34.194.22.246
770,Auberta,Burker,aburkerld@cmu.edu,Genderqueer,73.221.174.221
771,Tabatha,Nuemann,tnuemannle@squidoo.com,Agender,204.127.107.133
772,Sandy,Johanchon,sjohanchonlf@china.com.cn,Agender,182.78.182.136
773,Gui,Basini-Gazzi,gbasinigazzilg@ustream.tv,Polygender,167.120.20.65
774,Berny,Richie,brichielh@fema.gov,Polygender,254.104.217.88
775,Alain,Casale,acasaleli@tinyurl.com,Female,26.120.189.103
776,Leia,Matschke,lmatschkelj@vk.com,Genderfluid,132.44.252.230
777,Marcille,Milner,mmilnerlk@marketwatch.com,Non-binary,163.217.179.167
778,Alexine,Tutt,atuttll@japanpost.jp,Agender,233.33.107.177
779,Leia,Crocumbe,lcrocumbelm@cisco.com,Polygender,74.74.165.1
780,Brian,Spurman,bspurmanln@who.int,Genderqueer,109.80.104.248
781,Waring,Coaten,wcoatenlo@ox.ac.uk,Agender,242.180.74.54
782,Karia,Oxburgh,koxburghlp@arstechnica.com,Female,131.119.107.166
783,Gregoor,Dechelle,gdechellelq@homestead.com,Genderfluid,12.214.152.228
784,Bendicty,De Rechter,bderechterlr@stumbleupon.com,Bigender,19.146.165.110
785,Judi,Schleswig-Holstein,jschleswigholsteinls@irs.gov,Polygender,10.132.188.127
786,Lucias,Whybray,lwhybraylt@4shared.com,Male,186.115.145.224
787,Tedie,Dowle,tdowlelu@ning.com,Male,25.87.173.86
788,Cariotta,Kirkland,ckirklandlv@xing.com,Non-binary,195.144.156.134
789,Violetta,Aleveque,valevequelw@tripod.com,Genderqueer,68.232.245.22
790,Jorry,Guerreau,jguerreaulx@csmonitor.com,Female,45.169.31.143
791,Brigitte,Challener,bchallenerly@theatlantic.com,Genderqueer,100.34.37.221
792,Yvonne,Wilbor,ywilborlz@yandex.ru,Bigender,219.66.113.168
793,Yule,Siddon,ysiddonm0@meetup.com,Genderfluid,88.171.197.60
794,Ingamar,Baroche,ibarochem1@nydailynews.com,Bigender,152.15.109.217
795,Walt,Casaro,wcasarom2@bing.com,Non-binary,68.34.187.208
796,Brittne,Bocking,bbockingm3@woothemes.com,Agender,195.53.203.195
797,Clayson,Attfield,cattfieldm4@123-reg.co.uk,Female,109.101.126.129
798,Oneida,Killelay,okillelaym5@mediafire.com,Genderfluid,165.127.237.60
799,Aristotle,Jaycock,ajaycockm6@upenn.edu,Polygender,43.178.140.145
800,Vernice,Stickney,vstickneym7@wikipedia.org,Polygender,55.178.216.221
801,Ephraim,Casaroli,ecasarolim8@scribd.com,Bigender,4.151.81.70
802,Isador,McCuis,imccuism9@arstechnica.com,Genderfluid,157.79.196.254
803,Trevar,Smithen,tsmithenma@businessweek.com,Genderqueer,252.64.150.207
804,Marilyn,Spikins,mspikinsmb@photobucket.com,Polygender,193.49.52.170
805,Lilias,Ziems,lziemsmc@reddit.com,Genderqueer,73.146.62.117
806,Jacob,Fisbburne,jfisbburnemd@ca.gov,Female,80.51.204.248
807,Deloria,Hubner,dhubnerme@baidu.com,Agender,125.225.193.190
808,Sheeree,Jury,sjurymf@addthis.com,Bigender,48.179.21.84
809,Aldus,Jewis,ajewismg@hugedomains.com,Female,165.45.17.201
810,Carole,Djakovic,cdjakovicmh@house.gov,Agender,248.6.64.204
811,Braden,Mowne,bmownemi@walmart.com,Agender,14.242.56.54
812,Krystal,Blais,kblaismj@is.gd,Female,33.124.6.8
813,Lura,Moncarr,lmoncarrmk@ustream.tv,Female,219.140.248.2
814,Brien,Bassam,bbassamml@smugmug.com,Bigender,128.191.159.59
815,Cristal,Rickword,crickwordmm@tiny.cc,Agender,7.115.83.162
816,Gilbertine,Cheale,gchealemn@cnet.com,Agender,238.126.71.55
817,Addia,Beaty,abeatymo@disqus.com,Agender,210.146.234.220
818,Pinchas,McPherson,pmcphersonmp@bloglovin.com,Male,167.214.53.209
819,Oliviero,Cogman,ocogmanmq@skyrock.com,Non-binary,179.255.69.165
820,Uriah,Meneghelli,umeneghellimr@desdev.cn,Genderfluid,171.210.5.3
821,Dorey,Joselovitch,djoselovitchms@whitehouse.gov,Genderqueer,23.94.231.101
822,Wolfy,Harder,whardermt@freewebs.com,Male,211.164.38.17
823,Vonny,Bignal,vbignalmu@state.gov,Genderqueer,52.184.27.230
824,Durante,Duce,dducemv@nature.com,Polygender,206.96.129.224
825,Robb,Nursey,rnurseymw@reference.com,Male,166.1.91.111
826,Nanci,Marner,nmarnermx@chicagotribune.com,Male,148.177.34.194
827,Shelly,Chevalier,schevaliermy@furl.net,Male,103.158.8.88
828,Allx,Curwood,acurwoodmz@imdb.com,Genderqueer,178.74.32.126
829,Robert,Vahey,rvaheyn0@dailymotion.com,Bigender,233.195.23.8
830,Sal,Lawman,slawmann1@jiathis.com,Genderqueer,204.62.128.182
831,Johannes,Macconachy,jmacconachyn2@kickstarter.com,Genderfluid,179.20.111.6
832,Nye,Delves,ndelvesn3@lulu.com,Genderfluid,48.244.226.120
833,Steward,Le Borgne,sleborgnen4@ft.com,Polygender,125.213.190.67
834,Vern,Gianiello,vgianiellon5@networkadvertising.org,Bigender,118.100.153.21
835,Demeter,Kennicott,dkennicottn6@dagondesign.com,Polygender,197.100.251.172
836,Kirsti,Abelevitz,kabelevitzn7@pinterest.com,Genderfluid,69.19.181.244
837,Catherine,Danilchev,cdanilchevn8@unicef.org,Bigender,232.60.1.100
838,Tuesday,Trousdell,ttrousdelln9@youtu.be,Non-binary,81.136.47.107
839,Virginia,Tumpane,vtumpanena@yahoo.com,Bigender,76.21.94.252
840,Emelda,Hamill,ehamillnb@edublogs.org,Genderfluid,236.7.8.214
841,Ruperto,Duley,rduleync@deliciousdays.com,Male,200.165.36.210
842,Blayne,Zotto,bzottond@list-manage.com,Male,251.47.34.84
843,Aguste,McMurty,amcmurtyne@linkedin.com,Male,255.50.191.195
844,Wolfy,Whitnell,wwhitnellnf@newyorker.com,Bigender,150.182.12.131
845,Minni,Buckie,mbuckieng@ucoz.com,Polygender,162.82.15.250
846,Camala,Antonescu,cantonescunh@xinhuanet.com,Non-binary,167.184.209.170
847,Boony,Wharin,bwharinni@ucsd.edu,Genderqueer,16.126.233.169
848,Elsinore,Pettitt,epettittnj@google.cn,Non-binary,155.80.56.157
849,Urson,Polack,upolacknk@bigcartel.com,Genderqueer,178.179.178.192
850,Aldis,Goodsir,agoodsirnl@facebook.com,Agender,149.253.218.120
851,Fidelio,Branca,fbrancanm@ted.com,Non-binary,14.247.233.174
852,Ula,MacCurtain,umaccurtainnn@japanpost.jp,Polygender,114.97.201.142
853,Georges,McGoogan,gmcgooganno@baidu.com,Genderqueer,2.147.43.143
854,Roana,Posselwhite,rposselwhitenp@unesco.org,Male,181.229.103.104
855,Berrie,Hollingshead,bhollingsheadnq@sogou.com,Male,243.151.123.172
856,Joela,Cotte,jcottenr@sohu.com,Genderfluid,244.20.17.54
857,Mame,Basilotta,mbasilottans@wikispaces.com,Male,13.120.197.194
858,Adi,Russel,arusselnt@apple.com,Agender,91.181.221.190
859,Vivyan,Boarder,vboardernu@mit.edu,Genderfluid,41.161.136.1
860,Rubetta,Spowage,rspowagenv@cloudflare.com,Bigender,65.5.120.179
861,Lelia,Capper,lcappernw@chron.com,Bigender,140.204.31.207
862,Richard,Hukin,rhukinnx@friendfeed.com,Agender,176.2.61.136
863,Belicia,Healing,bhealingny@independent.co.uk,Polygender,139.16.45.60
864,Lucille,Adamovitz,ladamovitznz@state.tx.us,Male,206.224.130.189
865,Anabel,Koubek,akoubeko0@live.com,Genderfluid,93.97.82.103
866,Roxy,Broose,rbrooseo1@dailymail.co.uk,Genderfluid,89.63.65.170
867,Vida,Diver,vdivero2@java.com,Agender,68.18.4.43
868,Florrie,Hicks,fhickso3@ezinearticles.com,Genderfluid,51.231.248.192
869,Helga,Simonnet,hsimonneto4@netlog.com,Bigender,116.151.78.230
870,Mile,Lamshead,mlamsheado5@pen.io,Female,204.125.234.27
871,Reeva,Couser,rcousero6@cnet.com,Agender,164.42.81.130
872,Adelaida,Oris,aoriso7@oakley.com,Bigender,140.64.130.161
873,Dirk,Nurse,dnurseo8@squidoo.com,Agender,29.176.229.242
874,Lucais,Cubberley,lcubberleyo9@tumblr.com,Bigender,146.208.57.113
875,Carolan,Edwinson,cedwinsonoa@is.gd,Polygender,123.247.139.244
876,Leola,Grindle,lgrindleob@house.gov,Male,213.146.122.214
877,Shelly,Muckleston,smucklestonoc@adobe.com,Female,73.120.70.233
878,Augustine,Charte,acharteod@discuz.net,Bigender,228.58.83.151
879,Katinka,Yong,kyongoe@earthlink.net,Genderqueer,92.199.240.68
880,Guido,Trunby,gtrunbyof@cargocollective.com,Female,191.3.114.139
881,Pancho,Pennicott,ppennicottog@squidoo.com,Bigender,236.18.95.171
882,Lyon,Lambdon,llambdonoh@cam.ac.uk,Non-binary,141.65.33.233
883,Ruben,Ciccerale,rcicceraleoi@disqus.com,Genderfluid,80.116.37.226
884,Atlanta,Veregan,avereganoj@stanford.edu,Polygender,0.234.23.95
885,Nancee,Cantwell,ncantwellok@dagondesign.com,Bigender,77.6.75.79
886,Melonie,Peasegod,mpeasegodol@csmonitor.com,Agender,18.28.30.12
887,Willette,Dabbs,wdabbsom@reuters.com,Non-binary,191.146.197.187
888,Chloe,Bradlaugh,cbradlaughon@nasa.gov,Non-binary,58.19.174.9
889,Shane,Osbourne,sosbourneoo@artisteer.com,Male,99.97.55.223
890,Jacquelin,Gitsham,jgitshamop@simplemachines.org,Genderfluid,156.224.177.157
891,Astra,Bolver,abolveroq@bbb.org,Female,74.3.30.215
892,Ninetta,Telezhkin,ntelezhkinor@t.co,Genderqueer,36.204.174.30
893,Aeriel,Shortland,ashortlandos@salon.com,Genderfluid,199.221.117.123
894,Rodrick,Denys,rdenysot@cisco.com,Genderqueer,251.66.192.41
895,Celka,Adami,cadamiou@nymag.com,Bigender,185.132.225.241
896,Odille,L'Archer,olarcherov@sina.com.cn,Genderqueer,34.61.162.84
897,Irena,Stoodale,istoodaleow@wunderground.com,Genderqueer,193.192.233.96
898,Tiebout,McGlaughn,tmcglaughnox@pen.io,Polygender,47.135.101.240
899,Hedda,Upston,hupstonoy@theatlantic.com,Polygender,225.254.142.13
900,Dareen,Rakestraw,drakestrawoz@is.gd,Agender,255.87.236.135
901,Pippa,Kopp,pkoppp0@gnu.org,Non-binary,230.184.112.205
902,Collie,Whitty,cwhittyp1@xrea.com,Genderqueer,140.11.100.61
903,Raffarty,Devanny,rdevannyp2@pcworld.com,Genderfluid,173.17.179.138
904,Carie,Lembcke,clembckep3@stanford.edu,Bigender,180.17.98.112
905,Kristal,Delbergue,kdelberguep4@joomla.org,Female,127.142.239.38
906,Nessy,Bearn,nbearnp5@youku.com,Female,101.209.168.160
907,Marcelo,Shafe,mshafep6@dailymail.co.uk,Genderqueer,86.223.163.6
908,Penny,Buxton,pbuxtonp7@1und1.de,Polygender,200.163.113.4
909,Raul,Coughan,rcoughanp8@umich.edu,Genderqueer,47.50.146.34
910,Melba,Runnalls,mrunnallsp9@dailymail.co.uk,Genderfluid,233.206.124.62
911,Sue,Callen,scallenpa@europa.eu,Polygender,213.197.126.237
912,Virgina,Jollands,vjollandspb@europa.eu,Agender,102.158.195.121
913,Jayson,Warrender,jwarrenderpc@soundcloud.com,Polygender,207.226.0.94
914,Marj,Cosely,mcoselypd@reference.com,Female,190.78.63.124
915,Raven,Wellbeloved,rwellbelovedpe@upenn.edu,Male,64.160.121.163
916,Salvidor,Kendred,skendredpf@infoseek.co.jp,Agender,175.225.190.40
917,Sinclare,Fallen,sfallenpg@wikia.com,Genderfluid,142.171.226.7
918,Reuven,Vardie,rvardieph@taobao.com,Polygender,145.128.28.27
919,Izak,Bartozzi,ibartozzipi@mozilla.org,Female,54.26.171.112
920,Kirsten,Fendlen,kfendlenpj@time.com,Genderfluid,19.102.218.137
921,Sydel,Kilfether,skilfetherpk@altervista.org,Non-binary,235.233.23.7
922,Teri,Van Hesteren,tvanhesterenpl@imageshack.us,Agender,66.168.28.205
923,Thia,Johanssen,tjohanssenpm@behance.net,Male,134.44.6.150
924,Allissa,Galpen,agalpenpn@miibeian.gov.cn,Agender,77.64.101.173
925,Kareem,Abbs,kabbspo@fastcompany.com,Female,184.79.134.96
926,Gram,Boldock,gboldockpp@dyndns.org,Male,236.172.153.105
927,Rosella,Tutin,rtutinpq@uol.com.br,Non-binary,103.77.112.89
928,Burty,Bosnell,bbosnellpr@over-blog.com,Polygender,207.212.199.103
929,Sammy,Beccera,sbecceraps@altervista.org,Non-binary,28.72.214.13
930,Shayna,Ludewig,sludewigpt@paginegialle.it,Non-binary,109.160.8.120
931,Gelya,Rosser,grosserpu@nsw.gov.au,Polygender,211.76.124.160
932,Burke,Shellibeer,bshellibeerpv@geocities.com,Polygender,142.110.207.126
933,Peyton,Whiting,pwhitingpw@wix.com,Genderfluid,222.196.88.27
934,Erich,Blower,eblowerpx@spiegel.de,Agender,193.149.243.67
935,Birgitta,Limer,blimerpy@walmart.com,Non-binary,21.115.57.143
936,Findlay,Kaines,fkainespz@accuweather.com,Bigender,163.133.142.199
937,Bank,Yakuntsov,byakuntsovq0@elegantthemes.com,Agender,219.150.60.203
938,Malvin,Orman,mormanq1@cloudflare.com,Bigender,68.30.224.98
939,Keelby,Snashall,ksnashallq2@usgs.gov,Agender,193.204.169.72
940,Burke,Drewett,bdrewettq3@pagesperso-orange.fr,Male,149.4.76.152
941,Auberta,Grigson,agrigsonq4@theglobeandmail.com,Polygender,178.125.110.0
942,Amie,Minter,aminterq5@furl.net,Polygender,195.113.225.36
943,Velvet,Instrell,vinstrellq6@sina.com.cn,Agender,121.80.12.138
944,Milzie,Ebdon,mebdonq7@ocn.ne.jp,Polygender,169.48.178.75
945,Meredith,Downton,mdowntonq8@google.com.br,Polygender,49.171.196.102
946,Opalina,Virr,ovirrq9@omniture.com,Genderqueer,201.179.78.128
947,Kimmi,Wetherald,kwetheraldqa@vistaprint.com,Male,212.181.143.129
948,Lynnette,Chorley,lchorleyqb@delicious.com,Female,62.175.244.59
949,Daloris,Batisse,dbatisseqc@feedburner.com,Female,168.115.249.195
950,Nicola,Gontier,ngontierqd@npr.org,Polygender,170.126.218.96
951,Shoshanna,Clemenzo,sclemenzoqe@senate.gov,Genderfluid,25.188.44.227
952,Malvina,Sagrott,msagrottqf@nbcnews.com,Male,42.75.124.145
953,Byrom,Bruty,bbrutyqg@blogger.com,Male,116.54.240.160
954,Pam,Lago,plagoqh@hao123.com,Female,252.231.6.137
955,Trish,Haill,thaillqi@amazon.com,Polygender,247.121.50.68
956,Waneta,Brahams,wbrahamsqj@list-manage.com,Female,203.180.30.160
957,Carissa,Kilday,ckildayqk@list-manage.com,Bigender,134.138.233.177
958,Merridie,Stanbra,mstanbraql@homestead.com,Genderqueer,251.132.134.70
959,Geoff,Burras,gburrasqm@sfgate.com,Female,228.194.8.164
960,Calv,Sprowell,csprowellqn@buzzfeed.com,Female,174.206.147.142
961,Thedrick,Sorrill,tsorrillqo@mac.com,Polygender,66.90.1.124
962,Adena,Cookman,acookmanqp@unesco.org,Polygender,168.125.95.159
963,Novelia,Tinner,ntinnerqq@loc.gov,Bigender,244.64.89.37
964,Clive,Schwartz,cschwartzqr@indiegogo.com,Polygender,124.145.82.167
965,Gilberte,Sheahan,gsheahanqs@un.org,Agender,170.43.30.100
966,Maurise,Keer,mkeerqt@icq.com,Genderqueer,125.253.169.164
967,Caroljean,Icke,cickequ@is.gd,Polygender,229.210.54.6
968,Clayborne,Giffon,cgiffonqv@patch.com,Agender,50.117.134.245
969,Daren,Hissie,dhissieqw@wikimedia.org,Non-binary,42.188.9.219
970,Piggy,McIlwreath,pmcilwreathqx@census.gov,Bigender,113.208.209.218
971,Tarah,Ivatt,tivattqy@vk.com,Polygender,99.9.80.221
972,Martelle,Imorts,mimortsqz@fema.gov,Agender,83.249.170.104
973,Garnette,Sneezum,gsneezumr0@1und1.de,Bigender,3.167.29.9
974,Pam,Klugman,pklugmanr1@ed.gov,Female,171.56.199.174
975,Aurthur,Klisch,aklischr2@smh.com.au,Female,207.198.64.141
976,Bert,Erasmus,berasmusr3@github.io,Agender,66.25.193.201
977,Otho,Ollerhead,oollerheadr4@etsy.com,Genderfluid,175.27.242.123
978,Heywood,Moloney,hmoloneyr5@domainmarket.com,Non-binary,89.195.86.25
979,Pierson,Keohane,pkeohaner6@ovh.net,Genderqueer,255.34.157.102
980,Fred,Suche,fsucher7@macromedia.com,Non-binary,115.85.89.247
981,Butch,Thew,bthewr8@google.co.jp,Male,25.192.34.148
982,Engracia,Celiz,ecelizr9@360.cn,Agender,160.186.212.105
983,Giordano,Lamartine,glamartinera@w3.org,Genderfluid,94.224.194.246
984,Waring,Tupling,wtuplingrb@ocn.ne.jp,Female,189.201.62.69
985,Karyl,Seppey,kseppeyrc@ebay.com,Male,163.41.19.248
986,Cassandre,Rosewell,crosewellrd@gov.uk,Genderqueer,137.61.173.100
987,Terza,Keeney,tkeeneyre@technorati.com,Bigender,202.224.70.10
988,Giana,Kauble,gkaublerf@vk.com,Bigender,242.207.132.199
989,Petronille,Townshend,ptownshendrg@google.com.au,Polygender,138.69.152.83
990,Jenelle,Pacquet,jpacquetrh@artisteer.com,Non-binary,200.91.193.213
991,Nevins,Meneghi,nmeneghiri@pen.io,Genderqueer,237.29.193.126
992,Yul,Nafziger,ynafzigerrj@vk.com,Genderfluid,94.15.219.104
993,Clarette,Kiddie,ckiddierk@foxnews.com,Bigender,200.234.217.92
994,Giacinta,Von Der Empten,gvonderemptenrl@usatoday.com,Genderqueer,6.63.54.248
995,Ashely,Paoli,apaolirm@abc.net.au,Female,174.247.41.234
996,Esmeralda,Narrie,enarriern@mashable.com,Agender,179.91.24.76
997,Englebert,Warstall,ewarstallro@woothemes.com,Bigender,115.16.235.150
998,Catlaina,Lehr,clehrrp@yandex.ru,Genderfluid,22.61.15.206
999,Albertina,Courtman,acourtmanrq@cbslocal.com,Genderqueer,237.49.140.56
1000,Felike,Dami,fdamirr@yale.edu,Non-binary,1.154.141.161
